group	fill	showSelected2
1	#66C2A5	subtrain
2	#FC8D62	validation
3	#FC8D62	validation
4	#66C2A5	subtrain
5	#FC8D62	validation
6	#FC8D62	validation
7	#66C2A5	subtrain
8	#66C2A5	subtrain
9	#FC8D62	validation
10	#FC8D62	validation
11	#FC8D62	validation
12	#FC8D62	validation
13	#66C2A5	subtrain
14	#66C2A5	subtrain
15	#FC8D62	validation
16	#FC8D62	validation
17	#FC8D62	validation
18	#FC8D62	validation
19	#FC8D62	validation
20	#FC8D62	validation
21	#66C2A5	subtrain
22	#66C2A5	subtrain
23	#FC8D62	validation
24	#FC8D62	validation
25	#66C2A5	subtrain
26	#66C2A5	subtrain
27	#66C2A5	subtrain
28	#66C2A5	subtrain
29	#66C2A5	subtrain
30	#66C2A5	subtrain
31	#66C2A5	subtrain
32	#66C2A5	subtrain
33	#66C2A5	subtrain
34	#FC8D62	validation
35	#FC8D62	validation
36	#FC8D62	validation
37	#FC8D62	validation
38	#FC8D62	validation
39	#66C2A5	subtrain
40	#66C2A5	subtrain
41	#66C2A5	subtrain
42	#66C2A5	subtrain
43	#66C2A5	subtrain
44	#FC8D62	validation
45	#66C2A5	subtrain
46	#66C2A5	subtrain
47	#66C2A5	subtrain
48	#66C2A5	subtrain
49	#66C2A5	subtrain
50	#66C2A5	subtrain
51	#66C2A5	subtrain
52	#66C2A5	subtrain
53	#FC8D62	validation
54	#FC8D62	validation
55	#FC8D62	validation
56	#66C2A5	subtrain
57	#FC8D62	validation
58	#FC8D62	validation
59	#FC8D62	validation
60	#66C2A5	subtrain
61	#FC8D62	validation
62	#66C2A5	subtrain
63	#FC8D62	validation
64	#66C2A5	subtrain
65	#66C2A5	subtrain
66	#FC8D62	validation
67	#FC8D62	validation
68	#FC8D62	validation
69	#FC8D62	validation
70	#FC8D62	validation
71	#66C2A5	subtrain
72	#66C2A5	subtrain
73	#66C2A5	subtrain
74	#FC8D62	validation
75	#FC8D62	validation
76	#66C2A5	subtrain
77	#FC8D62	validation
78	#FC8D62	validation
79	#66C2A5	subtrain
80	#FC8D62	validation
81	#66C2A5	subtrain
82	#66C2A5	subtrain
83	#FC8D62	validation
84	#66C2A5	subtrain
85	#66C2A5	subtrain
86	#FC8D62	validation
87	#66C2A5	subtrain
88	#66C2A5	subtrain
89	#FC8D62	validation
90	#66C2A5	subtrain
91	#FC8D62	validation
92	#FC8D62	validation
93	#FC8D62	validation
94	#66C2A5	subtrain
95	#FC8D62	validation
96	#FC8D62	validation
97	#FC8D62	validation
98	#FC8D62	validation
99	#66C2A5	subtrain
100	#66C2A5	subtrain
