colour	x	key	showSelected2	PANEL	group
#66C2A5	1	1	subtrain	1	1
#66C2A5	2	2	subtrain	1	2
#66C2A5	3	3	subtrain	1	3
#66C2A5	4	4	subtrain	1	4
#66C2A5	5	5	subtrain	1	5
#66C2A5	6	6	subtrain	1	6
#66C2A5	7	7	subtrain	1	7
#66C2A5	8	8	subtrain	1	8
#66C2A5	9	9	subtrain	1	9
#66C2A5	10	10	subtrain	1	10
#66C2A5	11	11	subtrain	1	11
#66C2A5	12	12	subtrain	1	12
#66C2A5	13	13	subtrain	1	13
#66C2A5	14	14	subtrain	1	14
#66C2A5	15	15	subtrain	1	15
#66C2A5	16	16	subtrain	1	16
#66C2A5	17	17	subtrain	1	17
#66C2A5	18	18	subtrain	1	18
#66C2A5	19	19	subtrain	1	19
#66C2A5	20	20	subtrain	1	20
#66C2A5	21	21	subtrain	1	21
#66C2A5	22	22	subtrain	1	22
#66C2A5	23	23	subtrain	1	23
#66C2A5	24	24	subtrain	1	24
#66C2A5	25	25	subtrain	1	25
#66C2A5	26	26	subtrain	1	26
#66C2A5	27	27	subtrain	1	27
#66C2A5	28	28	subtrain	1	28
#66C2A5	29	29	subtrain	1	29
#66C2A5	30	30	subtrain	1	30
#66C2A5	31	31	subtrain	1	31
#66C2A5	32	32	subtrain	1	32
#66C2A5	33	33	subtrain	1	33
#66C2A5	34	34	subtrain	1	34
#66C2A5	35	35	subtrain	1	35
#66C2A5	36	36	subtrain	1	36
#66C2A5	37	37	subtrain	1	37
#66C2A5	38	38	subtrain	1	38
#66C2A5	39	39	subtrain	1	39
#66C2A5	40	40	subtrain	1	40
#66C2A5	41	41	subtrain	1	41
#66C2A5	42	42	subtrain	1	42
#66C2A5	43	43	subtrain	1	43
#66C2A5	44	44	subtrain	1	44
#66C2A5	45	45	subtrain	1	45
#66C2A5	46	46	subtrain	1	46
#66C2A5	47	47	subtrain	1	47
#66C2A5	48	48	subtrain	1	48
#66C2A5	49	49	subtrain	1	49
#66C2A5	50	50	subtrain	1	50
#FC8D62	1	1	validation	2	51
#FC8D62	2	2	validation	2	52
#FC8D62	3	3	validation	2	53
#FC8D62	4	4	validation	2	54
#FC8D62	5	5	validation	2	55
#FC8D62	6	6	validation	2	56
#FC8D62	7	7	validation	2	57
#FC8D62	8	8	validation	2	58
#FC8D62	9	9	validation	2	59
#FC8D62	10	10	validation	2	60
#FC8D62	11	11	validation	2	61
#FC8D62	12	12	validation	2	62
#FC8D62	13	13	validation	2	63
#FC8D62	14	14	validation	2	64
#FC8D62	15	15	validation	2	65
#FC8D62	16	16	validation	2	66
#FC8D62	17	17	validation	2	67
#FC8D62	18	18	validation	2	68
#FC8D62	19	19	validation	2	69
#FC8D62	20	20	validation	2	70
#FC8D62	21	21	validation	2	71
#FC8D62	22	22	validation	2	72
#FC8D62	23	23	validation	2	73
#FC8D62	24	24	validation	2	74
#FC8D62	25	25	validation	2	75
#FC8D62	26	26	validation	2	76
#FC8D62	27	27	validation	2	77
#FC8D62	28	28	validation	2	78
#FC8D62	29	29	validation	2	79
#FC8D62	30	30	validation	2	80
#FC8D62	31	31	validation	2	81
#FC8D62	32	32	validation	2	82
#FC8D62	33	33	validation	2	83
#FC8D62	34	34	validation	2	84
#FC8D62	35	35	validation	2	85
#FC8D62	36	36	validation	2	86
#FC8D62	37	37	validation	2	87
#FC8D62	38	38	validation	2	88
#FC8D62	39	39	validation	2	89
#FC8D62	40	40	validation	2	90
#FC8D62	41	41	validation	2	91
#FC8D62	42	42	validation	2	92
#FC8D62	43	43	validation	2	93
#FC8D62	44	44	validation	2	94
#FC8D62	45	45	validation	2	95
#FC8D62	46	46	validation	2	96
#FC8D62	47	47	validation	2	97
#FC8D62	48	48	validation	2	98
#FC8D62	49	49	validation	2	99
#FC8D62	50	50	validation	2	100
